epoch,train_loss,train_accuracy,test_loss,test_accuracy,relative_weight_change_per_epoch
0,4.735061245972531,0.008616187609732151,4.7326844483261254,0.008949547074735165,0.0
100,3.253706433691892,0.22271540760993958,6.940516892791479,0.003132341429591179,0.010790539905428886
200,0.06451569336093076,0.9986945390701294,19.374365891197517,0.009956371039152145,0.0018902559531852603
300,0.011711155972640651,1.0,21.320090412720333,0.011075064539909363,0.0007624010322615504
400,0.0037480742153528073,1.0,22.49592872475061,0.012753104791045189,0.0006642379448749125
500,0.001239223455292193,1.0,23.849191984427815,0.012864974327385426,0.0005858008516952395
600,0.0004172831637203973,1.0,25.26794721267266,0.013871798291802406,0.0005271670524962246
700,0.00014263462262389476,1.0,26.703135326697158,0.014319275505840778,0.00048121376312337816
800,4.9452133803560734e-05,1.0,28.120361347326007,0.01599731482565403,0.0004437517491169274
900,1.7490935114274012e-05,1.0,29.544007397455744,0.017004139721393585,0.00042407686123624444
1000,6.393731414128492e-06,1.0,30.915802033823002,0.01801096461713314,0.0004130204033572227
1100,2.5030098829824414e-06,1.0,32.16659754293383,0.01924152672290802,0.00040061509935185313
1200,1.1154027634224807e-06,1.0,33.19139209941535,0.019353395327925682,0.0003833642113022506
1300,6.071236710432713e-07,1.0,33.872869548764264,0.019577134400606155,0.00037567148683592677
1400,4.199929245679948e-07,1.0,34.14621710467503,0.020695827901363373,0.00037455084384419024
1500,3.566712946944204e-07,1.0,34.08088763364388,0.02058395929634571,0.00036216655280441046
1600,3.393741193984257e-07,1.0,33.83255113204937,0.020919566974043846,0.00033585471101105213
1700,3.3621899625739885e-07,1.0,33.52999572771095,0.021590782329440117,0.0003079651214648038
1800,3.3518945724151346e-07,1.0,33.227962619720635,0.022038260474801064,0.0002809209981933236
1900,3.337943286005976e-07,1.0,32.93693516041061,0.022709475830197334,0.00025383030879311264
2000,3.3304200767009814e-07,1.0,32.66333419358291,0.023268822580575943,0.00023232474632095546
2100,3.326587208081922e-07,1.0,32.400122364595624,0.02360443025827408,0.00021907479094807059
2200,3.308624023688365e-07,1.0,32.14283115218079,0.022933214902877808,0.0001982299581868574
2300,3.3009153547224106e-07,1.0,31.896298331043035,0.02360443025827408,0.0001886270911199972
2400,3.290928053516562e-07,1.0,31.655879668568804,0.02371630072593689,0.00017991957429330796
2500,3.283004066327593e-07,1.0,31.419632248151846,0.02360443025827408,0.00017315235163550824
2600,3.267326453986233e-07,1.0,31.194632119938632,0.023940037935972214,0.00016010405670385808
2700,3.2608603933139646e-07,1.0,30.979845988209387,0.02494686283171177,0.00015777740918565542
2800,3.2565948832140254e-07,1.0,30.773019946119113,0.025282470509409904,0.00015597821038682014
2900,3.239685703975808e-07,1.0,30.574968040581524,0.02561807818710804,0.00014478107914328575
3000,3.225538468064746e-07,1.0,30.37471170966422,0.026065556332468987,0.00013674523506779224
3100,3.2157014513150444e-07,1.0,30.176763705420512,0.026513034477829933,0.0001331233070231974
3200,3.2058755165336225e-07,1.0,29.977233752929948,0.027631726115942,0.00013170135207474232
3300,3.1999342307370777e-07,1.0,29.78466182324774,0.027296118438243866,0.0001342100149486214
3400,3.18852445664273e-07,1.0,29.586387762596072,0.02819107286632061,0.00012812466593459249
3500,3.1805369348933106e-07,1.0,29.393653902512714,0.02830294333398342,0.00013010272232349962
3600,3.17070236938436e-07,1.0,29.208730173649926,0.028974158689379692,0.00012975123536307365
3700,3.162895113233916e-07,1.0,29.01847899138018,0.029309766367077827,0.00012563844211399555
3800,3.1557949157893096e-07,1.0,28.829774151662438,0.0295335054397583,0.0001257813855772838
3900,3.1508231574405356e-07,1.0,28.647173403002373,0.03020472265779972,0.0001326637575402856
4000,3.1361322158738754e-07,1.0,28.464466414538553,0.03076406754553318,0.00012263082317076623
4100,3.1302700393519026e-07,1.0,28.27509915015307,0.031211545690894127,0.00012214166054036468
4200,3.118873194144101e-07,1.0,28.079504281520233,0.031659021973609924,0.00011720640759449452
4300,3.109551147651821e-07,1.0,27.886149536108512,0.03221837058663368,0.00011753359285648912
4400,3.1120267519210273e-07,1.0,27.692235569911524,0.03311332315206528,0.00013525485701393336
4500,3.0958417779989446e-07,1.0,27.494543821179477,0.034232016652822495,0.00012600082845892757
4600,3.0898102153320295e-07,1.0,27.294433223641423,0.03400827944278717,0.00012279590009711683
4700,3.076893936150567e-07,1.0,27.093559115501726,0.033784542232751846,0.00011542098945938051
4800,3.071543337981203e-07,1.0,26.89372729193227,0.034903235733509064,0.00011714946595020592
4900,3.060872074452047e-07,1.0,26.69166837805889,0.03568631783127785,0.00011311833804938942
5000,3.052510379392632e-07,1.0,26.484046026016806,0.03758809715509415,0.00011355160677339882
5100,3.0457598825537196e-07,1.0,26.273352655037954,0.037476230412721634,0.00011909519525943324
5200,3.035113153629028e-07,1.0,26.057038943887516,0.038706790655851364,0.00011546188761712983
5300,3.030783236751725e-07,1.0,25.835768333591826,0.039489876478910446,0.00011887579603353515
5400,3.018450001523056e-07,1.0,25.608023960627744,0.04105604812502861,0.00011991261271759868
5500,3.01167901547528e-07,1.0,25.37396243998212,0.04239847883582115,0.0001240457349922508
5600,3.001618351167824e-07,1.0,25.133221275439702,0.04306969419121742,0.0001177942831418477
5700,2.99141920672013e-07,1.0,24.87527245125007,0.04441212862730026,0.00011876384087372571
5800,2.98160713469157e-07,1.0,24.61103820600024,0.04564268887042999,0.00011961488053202629
5900,2.98085791598169e-07,1.0,24.33808358109862,0.046537645161151886,0.0001349265075987205
6000,2.961438950560845e-07,1.0,24.057628243761226,0.04732073098421097,0.00012380893167573959
6100,2.962286345775592e-07,1.0,23.76343387137029,0.0476563386619091,0.00013571670569945127
6200,2.944574270299088e-07,1.0,23.451217913010375,0.04888690263032913,0.00012744867126457393
6300,2.9323854902446785e-07,1.0,23.12505080158793,0.050453070551157,0.00012743374099954963
6400,2.9318957298069165e-07,1.0,22.79175196570626,0.052802328020334244,0.0001434323494322598
6500,2.916082306852518e-07,1.0,22.446054837444827,0.054815977811813354,0.00013728855992667377
6600,2.899558674782924e-07,1.0,22.089239452646726,0.05638214573264122,0.00013920771016273648
6700,2.8858115248223407e-07,1.0,21.7223280128966,0.05895514041185379,0.00013826965005137026
6800,2.8816653637680007e-07,1.0,21.332889483729016,0.0609687902033329,0.00015012700168881565
6900,2.861401694907684e-07,1.0,20.929435011134995,0.0656673014163971,0.00014279801689554006
7000,2.8524354062885304e-07,1.0,20.50232211994606,0.06824029982089996,0.0001551522291265428
7100,2.836158965845447e-07,1.0,20.072596811098297,0.07114890217781067,0.00014935886429157108
7200,2.825256261480297e-07,1.0,19.62377212835465,0.07607115060091019,0.00015946039638947695
7300,2.8059111874720273e-07,1.0,19.157159947473644,0.08076966553926468,0.000155993941007182
7400,2.7900583031328416e-07,1.0,18.672764320492128,0.08625125885009766,0.00015638787590432912
7500,2.7764846234135166e-07,1.0,18.1675393535982,0.09195660054683685,0.00016377985593862832
7600,2.758833588508138e-07,1.0,17.647380511379744,0.09721445292234421,0.0001627570018172264
7700,2.742159226897439e-07,1.0,17.12201165052242,0.10247231274843216,0.00016599455557297915
7800,2.724899437691055e-07,1.0,16.5755657006811,0.11019130051136017,0.00017087078595068306
7900,2.710515787831901e-07,1.0,16.011695244427152,0.11779841780662537,0.0001772397808963433
8000,2.689950565393038e-07,1.0,15.42770264187854,0.12529365718364716,0.00017809936252888292
8100,2.6677521106941827e-07,1.0,14.826153343408095,0.1342432051897049,0.00018052941595669836
8200,2.647904724961116e-07,1.0,14.206265612495494,0.1447589248418808,0.00018478822312317789
8300,2.629660524617482e-07,1.0,13.56623186611048,0.156169593334198,0.00019209581660106778
8400,2.606480224702493e-07,1.0,12.910710521226973,0.1706007421016693,0.000194393505807966
8500,2.581481429902936e-07,1.0,12.23495265528804,0.184808149933815,0.0001989618467632681
8600,2.554739454496596e-07,1.0,11.533475588061318,0.20248350501060486,0.00020785348897334188
8700,2.52394971450307e-07,1.0,10.79951561592116,0.2209419459104538,0.00021594366990029812
8800,2.495542360173459e-07,1.0,10.015395984300921,0.245888814330101,0.0002330315619474277
8900,2.455286558017117e-07,1.0,9.184747277063925,0.2711712718009949,0.00024277444754261523
9000,2.416728171762712e-07,1.0,8.311444731648626,0.29869112372398376,0.0002554516540840268
9100,2.3641218021973766e-07,1.0,7.396856262776454,0.3373979330062866,0.0002648329536896199
9200,2.3132062213158407e-07,1.0,6.445974237078375,0.3818100690841675,0.0002810644218698144
9300,2.2580954979406487e-07,1.0,5.4742229057776095,0.43114444613456726,0.00029520943644456565
9400,2.2005715776552483e-07,1.0,4.52844096688588,0.48797404766082764,0.0003085773205384612
9500,2.138250332195051e-07,1.0,3.627879564701209,0.5488309860229492,0.00032312414259649813
9600,2.066772874388183e-07,1.0,2.7822068328824265,0.6125965118408203,0.0003376773092895746
9700,1.9951715910941682e-07,1.0,2.0322995987109813,0.6867658495903015,0.0003551737463567406
9800,1.9270682020451403e-07,1.0,1.4171244210782523,0.7555655241012573,0.0003702226094901562
9900,1.8517725782047468e-07,1.0,0.9422328164530777,0.8178767561912537,0.00037800235440954566
10000,1.784137097051644e-07,1.0,0.5980744821237404,0.8729164600372314,0.00038791674887761474
10100,1.7163242458461728e-07,1.0,0.3616969980909207,0.9154267907142639,0.00040388695197179914
10200,1.637327485676654e-07,1.0,0.20805305240637864,0.9480926394462585,0.00040940361213870347
10300,1.5596388692525267e-07,1.0,0.10889192952299485,0.9701309204101562,0.0004153408808633685
10400,1.4843503169850665e-07,1.0,0.050145456975114536,0.983555257320404,0.00042512486106716096
10500,1.4085130894358528e-07,1.0,0.01837518092635923,0.9933997392654419,0.0004310115473344922
10600,1.3413834365270247e-07,1.0,0.004927726128206599,0.9985457062721252,0.00043294861097820103
10700,1.2863851607398662e-07,1.0,0.0010737383961169319,0.999776303768158,0.0004277446132618934
10800,1.2427899480755084e-07,1.0,0.000269953108776256,1.0,0.0004178449453320354
10900,1.2066841686181762e-07,1.0,8.885188066117088e-05,1.0,0.00040472668479196727
11000,1.1763399360893324e-07,1.0,2.936806948397354e-05,1.0,0.0003901985182892531
11100,1.1500174749126068e-07,1.0,1.0105039171718585e-05,1.0,0.0003755684883799404
11200,1.1247174239206568e-07,1.0,3.724420719438721e-06,1.0,0.0003624600067269057
11300,1.1016477405680854e-07,1.0,1.7610596715999465e-06,1.0,0.0003496705903671682
11400,1.0821223203549912e-07,1.0,1.011574305209917e-06,1.0,0.00033571719541214406
11500,1.064767864696171e-07,1.0,6.661440901637232e-07,1.0,0.00032155748340301216
11600,1.050117478447489e-07,1.0,4.780717132216317e-07,1.0,0.00030658510513603687
11700,1.0370793177432195e-07,1.0,3.670646984364713e-07,1.0,0.0002920726255979389
11800,1.0249025652910549e-07,1.0,2.9614689482457855e-07,1.0,0.00027874490479007363
11900,1.0128936079158725e-07,1.0,2.501621395799014e-07,1.0,0.00026766833616420627
12000,1.0003099770435017e-07,1.0,2.1865667653976236e-07,1.0,0.0002596953127067536
12100,9.873752148997295e-08,1.0,1.9698645356726433e-07,1.0,0.0002541242865845561
12200,9.746758121042272e-08,1.0,1.8192350881866928e-07,1.0,0.00024993770057335496
12300,9.628592881639269e-08,1.0,1.712735305989359e-07,1.0,0.0002455270732752979
12400,9.525106786311871e-08,1.0,1.6352916262124497e-07,1.0,0.00023961848637554795
12500,9.442835186985675e-08,1.0,1.5777154607365432e-07,1.0,0.00023124413564801216
12600,9.380078361552638e-08,1.0,1.5353062568796618e-07,1.0,0.00022064760560169816
12700,9.333347061676887e-08,1.0,1.5023503232944818e-07,1.0,0.00020847546693403274
12800,9.298454582605595e-08,1.0,1.476198942259131e-07,1.0,0.00019550371507648379
12900,9.271316577126023e-08,1.0,1.4556347556300704e-07,1.0,0.00018240758799947798
13000,9.250415193669676e-08,1.0,1.4381676863129151e-07,1.0,0.00016949274868238717
13100,9.232384502505038e-08,1.0,1.4240862135435853e-07,1.0,0.00015736364002805203
13200,9.217067608312923e-08,1.0,1.4121566172893027e-07,1.0,0.00014593526429962367
13300,9.20319277371152e-08,1.0,1.4014905716200602e-07,1.0,0.00013555813347920775
13400,9.190262210983383e-08,1.0,1.3918146589412965e-07,1.0,0.00012605726078618318
13500,9.178744232864703e-08,1.0,1.383567729692544e-07,1.0,0.00011746956442948431
13600,9.16749366007632e-08,1.0,1.376376995560783e-07,1.0,0.0001097310523618944
13700,9.157353427560677e-08,1.0,1.370103881488848e-07,1.0,0.00010285508324159309
13800,9.14724990647163e-08,1.0,1.3646911984981176e-07,1.0,9.669622522778809e-05
13900,9.137856309627185e-08,1.0,1.360265944389789e-07,1.0,9.124239295488223e-05
14000,9.128549782575904e-08,1.0,1.3558397142762843e-07,1.0,8.626611088402569e-05
14100,9.120230581242787e-08,1.0,1.3521105968489041e-07,1.0,8.192273526219651e-05
14200,9.112051381486185e-08,1.0,1.3490488976869081e-07,1.0,7.802497566444799e-05
14300,9.104286170478516e-08,1.0,1.3459461895066556e-07,1.0,7.457283209078014e-05
14400,9.09632672094464e-08,1.0,1.3434793138221983e-07,1.0,7.16579525033012e-05
14500,9.08955849890998e-08,1.0,1.3411873677982933e-07,1.0,6.89084263285622e-05
14600,9.0827210396342e-08,1.0,1.339178590826865e-07,1.0,6.646163092227653e-05
14700,9.076591951949974e-08,1.0,1.3377525316375416e-07,1.0,6.423937884392217e-05
14800,9.070284443354728e-08,1.0,1.3362425190705202e-07,1.0,6.239431968424469e-05
14900,9.064229474045914e-08,1.0,1.3345483774109334e-07,1.0,6.0656915593426675e-05
15000,9.058872829552693e-08,1.0,1.3330200810396748e-07,1.0,5.89679584663827e-05
15100,9.053202751754257e-08,1.0,1.3318130343561546e-07,1.0,5.757654071203433e-05
15200,9.047992335377549e-08,1.0,1.3308833588702286e-07,1.0,5.620002411887981e-05
15300,9.043108541892407e-08,1.0,1.330303953877604e-07,1.0,5.498864993569441e-05
15400,9.03812617524925e-08,1.0,1.3297607547766146e-07,1.0,5.385249460232444e-05
15500,9.033417247650616e-08,1.0,1.3293544406711152e-07,1.0,5.2823099395027384e-05
15600,9.02873910245971e-08,1.0,1.3288478001993086e-07,1.0,5.190830779611133e-05
15700,9.024861632340161e-08,1.0,1.3287394515956263e-07,1.0,5.090748891234398e-05
15800,9.020785280316233e-08,1.0,1.32835867277049e-07,1.0,4.9993133870884776e-05
15900,9.016699487725771e-08,1.0,1.328190892706316e-07,1.0,4.91512764710933e-05
16000,9.012598102863307e-08,1.0,1.3280559813973699e-07,1.0,4.835001163883135e-05
16100,9.009073911961107e-08,1.0,1.3281099923137891e-07,1.0,4.759570219903253e-05
16200,9.00544226661383e-08,1.0,1.3280254492873498e-07,1.0,4.679089761339128e-05
16300,9.001860552692443e-08,1.0,1.3283424439690688e-07,1.0,4.6123637730488554e-05
16400,8.998355997589062e-08,1.0,1.3285116573087357e-07,1.0,4.541310772765428e-05
16500,8.99517378509025e-08,1.0,1.328581215613192e-07,1.0,4.469524719752371e-05
16600,8.991969536455306e-08,1.0,1.3286614547858038e-07,1.0,4.4082502427045256e-05
16700,8.989087460180992e-08,1.0,1.3286844566680757e-07,1.0,4.337661448516883e-05
16800,8.986206851690705e-08,1.0,1.3287174769668215e-07,1.0,4.279765926185064e-05
16900,8.983088420291575e-08,1.0,1.3288584530950445e-07,1.0,4.215828448650427e-05
17000,8.980065673497899e-08,1.0,1.3290033966326882e-07,1.0,4.159034142503515e-05
17100,8.977481512686654e-08,1.0,1.329475436026682e-07,1.0,4.10177162848413e-05
17200,8.974896965749109e-08,1.0,1.3299251260738145e-07,1.0,4.041046122438274e-05
17300,8.972474481424408e-08,1.0,1.330393242445848e-07,1.0,3.9824124542064965e-05
17400,8.969981585459818e-08,1.0,1.3309170005499368e-07,1.0,3.930148159270175e-05
17500,8.967450862424083e-08,1.0,1.3314955571868728e-07,1.0,3.870797445415519e-05
17600,8.965326627491255e-08,1.0,1.3321288421968053e-07,1.0,3.815730815404095e-05
17700,8.96307191136677e-08,1.0,1.3324495227536357e-07,1.0,3.769715112866834e-05
17800,8.960831977462802e-08,1.0,1.3328349047468218e-07,1.0,3.716359788086265e-05
17900,8.958741962891445e-08,1.0,1.3332745538954754e-07,1.0,3.665778785943985e-05
18000,8.956686243832462e-08,1.0,1.3336914535434414e-07,1.0,3.613159424276091e-05
18100,8.95452722144648e-08,1.0,1.3340150807585295e-07,1.0,3.5675573599291965e-05
18200,8.952599423616167e-08,1.0,1.3345334750386677e-07,1.0,3.523055056575686e-05
18300,8.950696346616497e-08,1.0,1.3349330248545732e-07,1.0,3.472618482192047e-05
18400,8.948754329906739e-08,1.0,1.335154592301169e-07,1.0,3.4315708035137504e-05
18500,8.946877925378381e-08,1.0,1.335237773017437e-07,1.0,3.3828106097644195e-05
18600,8.94515284346451e-08,1.0,1.3357114801737533e-07,1.0,3.345412187627517e-05
18700,8.943499913213504e-08,1.0,1.336210380309884e-07,1.0,3.301950710010715e-05
18800,8.941798555134347e-08,1.0,1.336647319250431e-07,1.0,3.257289426983334e-05
18900,8.939976387428935e-08,1.0,1.336983783812456e-07,1.0,3.223879684810527e-05
19000,8.938486335645101e-08,1.0,1.3372181630031765e-07,1.0,3.175624806317501e-05
19100,8.936641587058452e-08,1.0,1.3373244054368602e-07,1.0,3.1449581001652405e-05
19200,8.93495786766647e-08,1.0,1.3375987847697204e-07,1.0,3.105244832113385e-05
19300,8.933295891754303e-08,1.0,1.3378718384974597e-07,1.0,3.0698476621182635e-05
19400,8.931908231992911e-08,1.0,1.3380720617731918e-07,1.0,3.0367122235475108e-05
19500,8.930345607039985e-08,1.0,1.3381860057231287e-07,1.0,2.9924734917585738e-05
19600,8.928790348011094e-08,1.0,1.338358593104855e-07,1.0,2.9645862014149316e-05
19700,8.927243779974233e-08,1.0,1.338480314462171e-07,1.0,2.9291626560734585e-05
19800,8.925979218965533e-08,1.0,1.3387806960428452e-07,1.0,2.889581628551241e-05
19900,8.924618166665453e-08,1.0,1.3389351418820943e-07,1.0,2.8541657229652628e-05
20000,8.923333841871708e-08,1.0,1.3390816379239182e-07,1.0,2.8279218895477243e-05
20100,8.921952104950371e-08,1.0,1.3391602165297224e-07,1.0,2.7925185349886306e-05
20200,8.920555939203279e-08,1.0,1.3391342458121542e-07,1.0,2.7611100449576043e-05
20300,8.919275171073507e-08,1.0,1.3392063091863826e-07,1.0,2.741036041697953e-05
20400,8.917977001854079e-08,1.0,1.339288073538771e-07,1.0,2.7054054953623563e-05
20500,8.916800465115382e-08,1.0,1.3393080630722377e-07,1.0,2.6816187528311275e-05
20600,8.915655559257501e-08,1.0,1.339373515784255e-07,1.0,2.6560703190625645e-05
20700,8.914329416841596e-08,1.0,1.3393356438117003e-07,1.0,2.631370080052875e-05
20800,8.913106316089511e-08,1.0,1.3392610144986105e-07,1.0,2.6094670829479583e-05
20900,8.911806217941936e-08,1.0,1.3390777483913318e-07,1.0,2.5755960450624116e-05
21000,8.910730342588118e-08,1.0,1.339028800384682e-07,1.0,2.5565403120708652e-05
21100,8.909604617775405e-08,1.0,1.3390388252455848e-07,1.0,2.5357910999446176e-05
21200,8.908350215062968e-08,1.0,1.3389882550213704e-07,1.0,2.5156941774184816e-05
21300,8.90732096853203e-08,1.0,1.3390487191002413e-07,1.0,2.4854503863025457e-05
21400,8.906169269278814e-08,1.0,1.339005921186899e-07,1.0,2.4560948077123612e-05
21500,8.90513408561753e-08,1.0,1.3389196666473439e-07,1.0,2.443494122417178e-05
21600,8.904021152315048e-08,1.0,1.338916047910067e-07,1.0,2.416557435935829e-05
21700,8.903042538369882e-08,1.0,1.3388463910952043e-07,1.0,2.3985174266272224e-05
21800,8.902011935862501e-08,1.0,1.338864295525813e-07,1.0,2.3775955924065784e-05
21900,8.901027387239711e-08,1.0,1.3386678766862757e-07,1.0,2.3582753783557564e-05
22000,8.899970849951279e-08,1.0,1.3386891257785897e-07,1.0,2.330395182070788e-05
22100,8.898867022364163e-08,1.0,1.3385004966504055e-07,1.0,2.3095619326340966e-05
22200,8.897900463520754e-08,1.0,1.3384477530573474e-07,1.0,2.2861824618303217e-05
22300,8.896999253116386e-08,1.0,1.338418182374924e-07,1.0,2.261541158077307e-05
22400,8.896072485951795e-08,1.0,1.3383293305195324e-07,1.0,2.2579719370696694e-05
22500,8.895121514985254e-08,1.0,1.3381027733370592e-07,1.0,2.2221300241653807e-05
22600,8.894216881231611e-08,1.0,1.3378863966442632e-07,1.0,2.2112042643129826e-05
22700,8.893404041636609e-08,1.0,1.3377832308249728e-07,1.0,2.1906922484049574e-05
22800,8.892483988375807e-08,1.0,1.3376437901447514e-07,1.0,2.1753156033810228e-05
22900,8.891555862827398e-08,1.0,1.3375684805697078e-07,1.0,2.1562536858255044e-05
23000,8.890773950212846e-08,1.0,1.3374505187766842e-07,1.0,2.1460884454427287e-05
23100,8.88985365108374e-08,1.0,1.3373297948131557e-07,1.0,2.1232488506939262e-05
23200,8.889066077631612e-08,1.0,1.3371442258945054e-07,1.0,2.1139083401067182e-05
23300,8.88824861005104e-08,1.0,1.3370109660034232e-07,1.0,2.0888341168756597e-05
23400,8.887433314085918e-08,1.0,1.3368766309948714e-07,1.0,2.0691573809017427e-05
23500,8.886588888111859e-08,1.0,1.3366493988198382e-07,1.0,2.063365354842972e-05
23600,8.88573786385619e-08,1.0,1.3365369934512472e-07,1.0,2.048586611635983e-05
23700,8.885025953086137e-08,1.0,1.3365001642291861e-07,1.0,2.0252300600986928e-05
23800,8.884162902905985e-08,1.0,1.3363262426831765e-07,1.0,2.0121060515521094e-05
23900,8.883332170549157e-08,1.0,1.3361236302898037e-07,1.0,1.9941069695050828e-05
24000,8.882588053128801e-08,1.0,1.3360635205015633e-07,1.0,1.9823546608677134e-05
24100,8.881808271143785e-08,1.0,1.335843899386959e-07,1.0,1.9822182366624475e-05
24200,8.881052493122471e-08,1.0,1.335620463557455e-07,1.0,1.961385532922577e-05
24300,8.88028166410061e-08,1.0,1.335643830571922e-07,1.0,1.9525346942828037e-05
24400,8.879560892121813e-08,1.0,1.335565273258372e-07,1.0,1.9276782040833496e-05
24500,8.878845901332305e-08,1.0,1.3354659857127636e-07,1.0,1.9217424778616987e-05
24600,8.878057699114102e-08,1.0,1.335381882803445e-07,1.0,1.9078290279139765e-05
24700,8.87733050032381e-08,1.0,1.3352465409796835e-07,1.0,1.8876196918427013e-05
24800,8.876570544800832e-08,1.0,1.3350898377138142e-07,1.0,1.87727709999308e-05
24900,8.875866219452992e-08,1.0,1.3349742174467872e-07,1.0,1.8718415958574042e-05
25000,8.875209195152497e-08,1.0,1.334899740127276e-07,1.0,1.852049899753183e-05
25100,8.874531974234018e-08,1.0,1.3347550918903376e-07,1.0,1.8437562175677158e-05
25200,8.873834289371254e-08,1.0,1.3346344121380085e-07,1.0,1.8283033568877727e-05
25300,8.873140823354903e-08,1.0,1.334446595573644e-07,1.0,1.823648199206218e-05
25400,8.872450991262234e-08,1.0,1.3343457475457384e-07,1.0,1.8042470401269384e-05
25500,8.8717601074747e-08,1.0,1.3342666281205894e-07,1.0,1.7923468476510607e-05
25600,8.871108987897306e-08,1.0,1.3340921543137756e-07,1.0,1.787602377589792e-05
25700,8.870406416028441e-08,1.0,1.3340258647981214e-07,1.0,1.7791368009056896e-05
25800,8.869720015154793e-08,1.0,1.3339040656786534e-07,1.0,1.7672564354143105e-05
25900,8.869092335568025e-08,1.0,1.3338854029236375e-07,1.0,1.748577233229298e-05
26000,8.868411366092094e-08,1.0,1.3337941088391967e-07,1.0,1.7562475477461703e-05
26100,8.867724641211383e-08,1.0,1.3336545684599987e-07,1.0,1.7312971976934932e-05
26200,8.867087138682084e-08,1.0,1.3335301209316206e-07,1.0,1.7458463844377548e-05
26300,8.866514443376576e-08,1.0,1.3333420462347943e-07,1.0,1.7327150999335572e-05
26400,8.865898118057304e-08,1.0,1.333123477001153e-07,1.0,1.7147527614724822e-05
26500,8.8652897455831e-08,1.0,1.333086581123065e-07,1.0,1.709900243440643e-05
26600,8.86468449303874e-08,1.0,1.332933485545111e-07,1.0,1.6766340195317753e-05
26700,8.864057653446739e-08,1.0,1.3328275536002757e-07,1.0,1.677802538324613e-05
26800,8.863499950475286e-08,1.0,1.332786029882537e-07,1.0,1.659752342675347e-05
26900,8.862961050374742e-08,1.0,1.3327107225980406e-07,1.0,1.655982487136498e-05
27000,8.862422666225714e-08,1.0,1.3326630369789004e-07,1.0,1.6522517398698255e-05
27100,8.861730626117777e-08,1.0,1.3325299512971515e-07,1.0,1.6394016711274162e-05
27200,8.861158315742548e-08,1.0,1.3324283371108956e-07,1.0,1.6331739971064962e-05
27300,8.860580677416048e-08,1.0,1.3322775694423326e-07,1.0,1.622366653464269e-05
27400,8.860047848128763e-08,1.0,1.3322235932667298e-07,1.0,1.62757914949907e-05
27500,8.859504371119281e-08,1.0,1.3322352879364873e-07,1.0,1.6032894563977607e-05
27600,8.859035281514971e-08,1.0,1.3321340662519598e-07,1.0,1.604572025826201e-05
27700,8.858476439608948e-08,1.0,1.3319617975626867e-07,1.0,1.593025262991432e-05
27800,8.857931884785559e-08,1.0,1.331857616764506e-07,1.0,1.5897418052190915e-05
27900,8.857369645130162e-08,1.0,1.3318335716486663e-07,1.0,1.5695890397182666e-05
28000,8.856880455938268e-08,1.0,1.3317425028486073e-07,1.0,1.566668288432993e-05
28100,8.856353457231448e-08,1.0,1.3317550409326566e-07,1.0,1.5663352314732037e-05
28200,8.855846780324803e-08,1.0,1.3316766005555411e-07,1.0,1.5557454389636405e-05
28300,8.855294488249821e-08,1.0,1.331694626132796e-07,1.0,1.5411320418934338e-05
28400,8.854877080435032e-08,1.0,1.3316973631752342e-07,1.0,1.5419558621942997e-05
28500,8.854302521607663e-08,1.0,1.3315368390319916e-07,1.0,1.5207344404188916e-05
28600,8.853845242942848e-08,1.0,1.3314292616493586e-07,1.0,1.5144114513532259e-05
28700,8.8534079958209e-08,1.0,1.33132619786042e-07,1.0,1.5119152521947399e-05
28800,8.852909868369655e-08,1.0,1.3311660369834918e-07,1.0,1.4919219211151358e-05
28900,8.85243696289957e-08,1.0,1.3310443758206838e-07,1.0,1.480242826801259e-05
29000,8.851948632799105e-08,1.0,1.3309585615504e-07,1.0,1.475660246796906e-05
29100,8.851486954286892e-08,1.0,1.3308525919249347e-07,1.0,1.4764872503292281e-05
29200,8.851104149415041e-08,1.0,1.3307279052875642e-07,1.0,1.4968659343139734e-05
29300,8.850595228476232e-08,1.0,1.3306705591295532e-07,1.0,1.458446877222741e-05
29400,8.85019696943514e-08,1.0,1.330616413851933e-07,1.0,1.4578849913959857e-05
29500,8.849738817360882e-08,1.0,1.3305992575208812e-07,1.0,1.4526173799822573e-05
29600,8.849268567410517e-08,1.0,1.330444692160736e-07,1.0,1.4295970686362125e-05
29700,8.848853318781766e-08,1.0,1.3303427098552328e-07,1.0,1.4543256838805974e-05
29800,8.848320163249549e-08,1.0,1.3303012623830613e-07,1.0,1.4257343536883127e-05
29900,8.847973129618651e-08,1.0,1.3302190193133742e-07,1.0,1.430521751899505e-05
30000,8.847517605462928e-08,1.0,1.3301326711056302e-07,1.0,1.4235216440283693e-05
30100,8.847087399019769e-08,1.0,1.3300023592524042e-07,1.0,1.4017107787367422e-05
30200,8.846637462440687e-08,1.0,1.329850779462489e-07,1.0,1.4013443433213979e-05
30300,8.846279318213701e-08,1.0,1.3298181330368434e-07,1.0,1.4135291166894604e-05
30400,8.845836854125009e-08,1.0,1.3296746953122003e-07,1.0,1.3946936633146834e-05
30500,8.845417807835397e-08,1.0,1.3294644220852828e-07,1.0,1.4055222891329322e-05
30600,8.84495633474036e-08,1.0,1.32940854710811e-07,1.0,1.3735457287111785e-05
30700,8.844517719361193e-08,1.0,1.329307519336689e-07,1.0,1.3640716133522801e-05
30800,8.84416918704836e-08,1.0,1.3291733722725484e-07,1.0,1.3585558008344378e-05
30900,8.843672186228497e-08,1.0,1.3290707871284255e-07,1.0,1.3520680113288108e-05
31000,8.843315693261568e-08,1.0,1.329053207041452e-07,1.0,1.341446113656275e-05
31100,8.842931920283016e-08,1.0,1.3289648951741074e-07,1.0,1.3517975276045036e-05
31200,8.84257257760843e-08,1.0,1.3289843227024055e-07,1.0,1.3656363989866804e-05
31300,8.842173422879876e-08,1.0,1.32892089399501e-07,1.0,1.3591827155323699e-05
31400,8.841780109368258e-08,1.0,1.3289498050839527e-07,1.0,1.3443984244077e-05
31500,8.841376952681576e-08,1.0,1.3289098007127695e-07,1.0,1.3121726624376606e-05
31600,8.840977886341908e-08,1.0,1.3287947663743932e-07,1.0,1.3235005098977126e-05
31700,8.840582911153093e-08,1.0,1.3287216530802773e-07,1.0,1.305914884142112e-05
31800,8.840200253276046e-08,1.0,1.328668942871991e-07,1.0,1.319690181844635e-05
31900,8.839818996149327e-08,1.0,1.3286201039139958e-07,1.0,1.3007706911594141e-05
32000,8.839429347525403e-08,1.0,1.328502574180646e-07,1.0,1.2907296877529006e-05
32100,8.839069179546741e-08,1.0,1.3283509012324765e-07,1.0,1.2861522918683477e-05
32200,8.838620035084564e-08,1.0,1.3283054622829664e-07,1.0,1.2728232832159847e-05
32300,8.838260031539761e-08,1.0,1.3282579484744087e-07,1.0,1.2884561328974087e-05
32400,8.837899412307989e-08,1.0,1.3281134657845767e-07,1.0,1.2823185898014344e-05
32500,8.837484405594609e-08,1.0,1.3280356031945971e-07,1.0,1.280784545087954e-05
32600,8.837124611603124e-08,1.0,1.328023963890244e-07,1.0,1.266826620849315e-05
32700,8.836784012174499e-08,1.0,1.3280084398687842e-07,1.0,1.2756976502714679e-05
32800,8.83638811024595e-08,1.0,1.3279085837415788e-07,1.0,1.2559135029732715e-05
32900,8.836089214702761e-08,1.0,1.3278081198525142e-07,1.0,1.2781778423232026e-05
33000,8.835726772347352e-08,1.0,1.3277922792265883e-07,1.0,1.2738861187244765e-05
33100,8.835363333770906e-08,1.0,1.3277712380052112e-07,1.0,1.2571314982778858e-05
33200,8.834967047181922e-08,1.0,1.3277788495019495e-07,1.0,1.2623603652173188e-05
33300,8.834649070028412e-08,1.0,1.32779227878652e-07,1.0,1.2521005373855587e-05
33400,8.834283029747518e-08,1.0,1.3277645767405615e-07,1.0,1.2200024684716482e-05
33500,8.833972530754067e-08,1.0,1.3276988195191805e-07,1.0,1.2357385458017234e-05
33600,8.833627492398259e-08,1.0,1.327674670199331e-07,1.0,1.2054633771185763e-05
33700,8.8332864827198e-08,1.0,1.3275761369860652e-07,1.0,1.2078734471288044e-05
33800,8.832965937246521e-08,1.0,1.3275214553971335e-07,1.0,1.1981862371612806e-05
33900,8.832615157661892e-08,1.0,1.327422377175887e-07,1.0,1.1886362699442543e-05
34000,8.832231871437358e-08,1.0,1.3273061741834895e-07,1.0,1.20917420645128e-05
34100,8.831922767010739e-08,1.0,1.3272102086293714e-07,1.0,1.2132687515986618e-05
34200,8.831564284243165e-08,1.0,1.3271829232775335e-07,1.0,1.2055701517965645e-05
34300,8.83117324116233e-08,1.0,1.3270190686642367e-07,1.0,1.174077442556154e-05
34400,8.830917172250031e-08,1.0,1.3270159030472268e-07,1.0,1.1886093489010818e-05
34500,8.830560065559159e-08,1.0,1.3269432773158072e-07,1.0,1.1802341759903356e-05
34600,8.830196053833681e-08,1.0,1.3268847775783478e-07,1.0,1.1699828974087723e-05
34700,8.829868573294584e-08,1.0,1.326845743178035e-07,1.0,1.1876718417624943e-05
34800,8.829540484564029e-08,1.0,1.3267494364882196e-07,1.0,1.1673279004753567e-05
34900,8.829275888160909e-08,1.0,1.3267762530614302e-07,1.0,1.1804356290667783e-05
35000,8.828940802426207e-08,1.0,1.3266645032793542e-07,1.0,1.1761746463889722e-05
35100,8.828631358754272e-08,1.0,1.326571187611358e-07,1.0,1.1445454219938256e-05
35200,8.82828619041639e-08,1.0,1.3265092781744962e-07,1.0,1.1451189493527636e-05
35300,8.82801550938038e-08,1.0,1.326467917983653e-07,1.0,1.1574614291021135e-05
35400,8.827679831998608e-08,1.0,1.3263463554051464e-07,1.0,1.1407689271436539e-05
35500,8.827374748794882e-08,1.0,1.326318009243741e-07,1.0,1.13853548100451e-05
35600,8.82713786897447e-08,1.0,1.3261644449468656e-07,1.0,1.15484335765359e-05
35700,8.826818851353458e-08,1.0,1.3261847193772195e-07,1.0,1.1293788702460006e-05
35800,8.826519663002252e-08,1.0,1.3261823253514588e-07,1.0,1.1374599125701934e-05
35900,8.826249689830408e-08,1.0,1.3261015299421195e-07,1.0,1.1248394002905115e-05
36000,8.825993802657501e-08,1.0,1.32610576469486e-07,1.0,1.1294371688563842e-05
36100,8.825675215191431e-08,1.0,1.3260777650357578e-07,1.0,1.119402986660134e-05
36200,8.825430937630848e-08,1.0,1.3259571524659882e-07,1.0,1.1289002031844575e-05
36300,8.825206013075026e-08,1.0,1.326005211210189e-07,1.0,1.131625958805671e-05
36400,8.824958675322814e-08,1.0,1.3259861200529023e-07,1.0,1.1260623978159856e-05
36500,8.824609963278092e-08,1.0,1.325867014630321e-07,1.0,1.1328565051371697e-05
36600,8.824350952078477e-08,1.0,1.325821891638904e-07,1.0,1.1321479178150184e-05
36700,8.824078319218821e-08,1.0,1.3258333202132668e-07,1.0,1.11054669105215e-05
36800,8.823800768979851e-08,1.0,1.325689135930512e-07,1.0,1.1153291779919527e-05
36900,8.823410180928448e-08,1.0,1.32561803991967e-07,1.0,1.077257275028387e-05
37000,8.823203400736333e-08,1.0,1.325493857168738e-07,1.0,1.1335950148350094e-05
37100,8.822930776295928e-08,1.0,1.3254872924551385e-07,1.0,1.1075947440986056e-05
37200,8.822688018890248e-08,1.0,1.3254871784184096e-07,1.0,1.1051894034608267e-05
37300,8.822381779491864e-08,1.0,1.325402981506372e-07,1.0,1.0570083759375848e-05
37400,8.822104320648445e-08,1.0,1.3253279422041024e-07,1.0,1.0765642400656361e-05
37500,8.821830056165607e-08,1.0,1.325222126653692e-07,1.0,1.067606899596285e-05
37600,8.82155609071442e-08,1.0,1.3251647512719637e-07,1.0,1.05096805782523e-05
37700,8.821325400395524e-08,1.0,1.3251828831446552e-07,1.0,1.094573235604912e-05
37800,8.821098111043484e-08,1.0,1.3251221610628813e-07,1.0,1.0949457646347582e-05
37900,8.820862546811683e-08,1.0,1.3250932862017194e-07,1.0,1.0865497642953414e-05
38000,8.820605968970107e-08,1.0,1.3251857402326237e-07,1.0,1.0583456969470717e-05
38100,8.820364721061786e-08,1.0,1.325183050711309e-07,1.0,1.081951086234767e-05
38200,8.820084380390964e-08,1.0,1.3252086324132724e-07,1.0,1.047390469466336e-05
38300,8.819797500011812e-08,1.0,1.3252100251817426e-07,1.0,1.043700012814952e-05
38400,8.819623209876746e-08,1.0,1.3252404817926229e-07,1.0,1.0883940376515966e-05
38500,8.8193121510021e-08,1.0,1.325322505310693e-07,1.0,1.0500365533516742e-05
38600,8.819053830034864e-08,1.0,1.3253030133059316e-07,1.0,1.053423238772666e-05
38700,8.818820374254093e-08,1.0,1.325284110958126e-07,1.0,1.0827649020939134e-05
38800,8.818558778136434e-08,1.0,1.3253018899086502e-07,1.0,1.0293915693182498e-05
38900,8.818283318618112e-08,1.0,1.3254064950614808e-07,1.0,1.028297447192017e-05
39000,8.818031134900647e-08,1.0,1.325381150410687e-07,1.0,1.0147969987883698e-05
39100,8.817794640068017e-08,1.0,1.325369739037331e-07,1.0,1.0197061783401296e-05
39200,8.817511795411818e-08,1.0,1.3253623132542782e-07,1.0,1.0310204743291251e-05
39300,8.817274058968238e-08,1.0,1.3254610768924547e-07,1.0,1.0174493581871502e-05
39400,8.816987350483868e-08,1.0,1.3254573533139975e-07,1.0,1.0085091162181925e-05
39500,8.816796942377142e-08,1.0,1.325413917293838e-07,1.0,1.0141080565517768e-05
39600,8.816567440223127e-08,1.0,1.3254098660175063e-07,1.0,1.0303584531357046e-05
39700,8.816301791864831e-08,1.0,1.325464382159766e-07,1.0,9.97275947156595e-06
39800,8.815969186092255e-08,1.0,1.3254817661684243e-07,1.0,9.94819674815517e-06
39900,8.815825987732118e-08,1.0,1.3255484368870727e-07,1.0,1.0300014764652587e-05
40000,8.815510468265843e-08,1.0,1.3254948815865862e-07,1.0,9.969753591576591e-06
